<?xml version="1.0" encoding="UTF-8"?>

<!-- Mapper파일을 구성하기 위한 Doctype 설정 -->
<!DOCTYPE mapper 
	PUBLIC "-//mybatis.org//DTD Mapper 3.0//EN"
	"http://mybatis.org/dtd/mybatis-3-mapper.dtd">
	
<mapper namespace="com.bc.bodycoding.admin.member.MemberService">

	<select id="select"
		parameterType="global.dto.MemberDTO"
		resultType="global.dto.MemberDTO">
		select * from member where authority like '%MEMBER%' order by mem_regidate desc
	</select>

	<select id="selectOneMember"
		parameterType="global.dto.MemberDTO"
		resultType="global.dto.MemberDTO">
		select * from MEMBER where mem_id=#{mem_id}
	</select>

	<update id="pointUpdate"
		parameterType="global.dto.MemberDTO">
		update MEMBER set mem_point = mem_point + #{mem_point} where mem_id=#{mem_id}
	</update>
	
	<select id="selectPoint"
		parameterType="String"
		resultType="String">
		select mem_point from MEMBER where mem_id=#{mem_id}	
	</select>
</mapper>	
	
	