<?xml version="1.0" encoding="UTF-8"?>

<!DOCTYPE mapper 
	PUBLIC "-//mybatis.org//DTD Mapper 3.0//EN"
	"http://mybatis.org/dtd/mybatis-3-mapper.dtd">
	
<mapper namespace="com.bc.bodycoding.admin.product.IProductService">

	<select id="select" parameterType="global.dto.ProductDTO" 
		resultType="global.dto.ProductDTO">
		SELECT * FROM product ORDER BY product_regidate DESC
	</select>
	
	<insert id="insert" parameterType="global.dto.ProductDTO">
		INSERT INTO product (
			product_idx, product_type, product_category, membership_count, membership_period,
			product_name, product_description, product_img, product_price)
		VALUES 
			(bodycoding_seq.nextval, #{product_type}, #{product_category}, #{membership_count}, 
			#{membership_period}, #{product_name},#{product_description},#{product_img},#{product_price})
	</insert>
	
	<select id="search" parameterType="global.dto.ProductDTO"
		resultType="global.dto.ProductDTO">
	</select>

	<select id="selectOne" parameterType="global.dto.ProductDTO" 
		resultType="global.dto.ProductDTO">
		SELECT * FROM product WHERE product_idx=#{product_idx}
	</select>
	
	<update id="update" parameterType="global.dto.ProductDTO">
		UPDATE product SET product_type=#{product_type}, product_category=#{product_category}, 
			membership_count=#{membership_count}, membership_period=#{membership_period},
			product_name=#{product_name}, product_description={product_description},
			product_img=#{product_img}, product_price=#{product_price}
		WHERE product_idx=#{product_idx}
	</update>
	
	<delete id="delete" parameterType="global.dto.ProductDTO">
	</delete>
	
	<select id="stockSelect" parameterType="global.dto.ProductDTO" 
		resultType="global.dto.ProductDTO">
		SELECT product_detail_idx,PD.gym_code, PD.product_idx,product_type,product_category,product_name, product_status,product_stock,product_price
 		FROM (SELECT * FROM product WHERE product_type='일반상품') P 
        	LEFT OUTER JOIN (SELECT * FROM product_detail WHERE gym_code=(SELECT gym_code FROM member WHERE mem_id='admin_sub1')) PD 
        	ON PD.product_idx=P.product_idx
	</select>
	
	<insert id="stockInsert" parameterType="global.dto.ProductDTO">
		INSERT INTO product_detail 
			VALUES(bodycoding_seq.nextval,gym_code=#{gym_code},product_idx=#{product_idx},
				product_status,#{product_status},product_stock=#{product_stock})
	</insert>
	
	<update id="stockUpdate" parameterType="global.dto.ProductDTO">
		UPDATE product_detail 
			SET product_status=#{product_status}, product_stock=#{product_stock} 
		WHERE product_detail_idx=#{product_detail_idx} 
	</update>
</mapper>