<?xml version="1.0" encoding="UTF-8"?>

<!-- Mapper파일을 구성하기 위한 Doctype 설정 -->
<!DOCTYPE mapper 
   PUBLIC "-//mybatis.org//DTD Mapper 3.0//EN"
   "http://mybatis.org/dtd/mybatis-3-mapper.dtd">
   
<mapper namespace="com.bc.bodycoding.admin.trainer.TrainerService">

	<insert id="insertMemberT"
		parameterType="global.dto.MemberDTO">
		insert into MEMBER (mem_id, mem_pass, mem_name, mem_gender, 
			mem_birth, mem_phone, mem_address, authority, enabled, 
			gym_code, mem_career, mem_comment, mem_img)
    	values (#{mem_id}, #{mem_pass}, #{mem_name}, #{mem_gender}, 
    		#{mem_birth}, #{mem_phone}, #{mem_address}, 'ROLE_TRAINER', '1', 
    		#{gym_code}, #{mem_career}, #{mem_comment}, #{mem_img})
	</insert>
	
	<select id="selectGT"
		parameterType="global.dto.MemberDTO"
		resultType="global.dto.MemberDTO">
		select * from member where authority='ROLE_TRAINER' 
		<if test="gym_code!=null">
			and gym_code=#{gym_code}
		</if>
		order by mem_regidate desc
	</select>
	
	<select id="selectOneT"
		parameterType="global.dto.MemberDTO"
		resultType="global.dto.MemberDTO">
		select * from member where authority='ROLE_TRAINER' and mem_id=#{mem_id}
	</select>
	
	<update id="update"
		parameterType="global.dto.MemberDTO">
		update member set mem_pass=#{mem_pass}, mem_name=#{mem_name}, mem_gender=#{mem_gender}, mem_birth=#{mem_birth},
			mem_phone=#{mem_phone}, mem_address=#{mem_address}, enabled=#{enabled}, gym_code=#{gym_code},
			mem_career=#{mem_career}, mem_comment=#{mem_comment}, mem_img=#{mem_img}
		where mem_id=#{mem_id}
	</update>
	
	<delete id="deleteT"
		parameterType="global.dto.MemberDTO">
		delete from member where mem_id=#{mem_id}
	</delete>
</mapper>
   