{
    "일반상품": [
      { "id": 1, "name": "기구", "value": "기구" },
      { "id": 2, "name": "식품", "value": "식품" },
      { "id": 3, "name": "의류", "value": "의류" }
    ],
    "멤버쉽기간형": [
      { "id": 1, "name": "헬스", "value": "헬스" },
      { "id": 2, "name": "GX", "value": "GX" }
    ],
    "멤버쉽횟수형": [
      { "id": 1, "name": "PT", "value": "PT" },
      { "id": 2, "name": "필라테스", "value": "필라테스" },
      { "id": 3, "name": "요가", "value": "요가" }
    ]
} 