<?xml version="1.0" encoding="UTF-8"?>

<!-- Mapper파일을 구성하기 위한 Doctype 설정 -->
<!DOCTYPE mapper 
	PUBLIC "-//mybatis.org//DTD Mapper 3.0//EN"
	"http://mybatis.org/dtd/mybatis-3-mapper.dtd">
	
<mapper namespace="com.bc.bodycoding.account.AccountService">

<insert id="insertMember"
	parameterType="global.dto.MemberDTO">
  	insert 
		into MEMBER (mem_id, mem_pass, mem_name, mem_gender, 
			mem_birth, mem_phone, mem_address, authority, enabled, 
			gym_code, mem_height, mem_weight, mem_disease, mem_purpose, 
			mem_interest, mem_inflow, mem_regidate)
   		values (#{mem_id}, #{mem_pass}, #{mem_name}, #{mem_gender},
	   		#{mem_birth}, #{mem_phone}, #{mem_address}, #{authority}, #{enabled}, 
	   		#{gym_code}, #{mem_height}, #{mem_weight}, #{mem_disease}, #{mem_purpose}, 
	   		#{mem_interest}, #{mem_inflow}, sysdate)
</insert>

<select id="checkIdDuplicate"
	parameterType="global.dto.MemberDTO"
	resultType="String">
	select count(*) from member where mem_id=#{mem_id}
</select>

<select id="login"
	parameterType="global.dto.MemberDTO"
	resultType="global.dto.MemberDTO">
	select * from member
    	where mem_id=#{mem_id} and mem_pass=#{mem_pass} and enabled ='1'
</select>

<!-- 카카오로 회원가입 되어있는지 확인 -->
<select id="kakaoselect"
	parameterType="global.dto.MemberDTO"
	resultType="String">
	select mem_id from member
    	where mem_id=#{mem_id}
</select> 

<!-- 카카오 회원가입 -->
<insert id="kakaoinsert"
	parameterType="hashMap">
	insert into MEMBER (mem_id, mem_pass, mem_name, mem_gender, 
		mem_phone, mem_address, authority, enabled)
   	values (#{mem_id}, '1234', '회원이름', #{mem_gender},
   		'전화번호', '주소', 'ROLE_MEMBER', '1')
</insert>

<!-- 카카오 회원정보 추가 -->
<update id="kakaoupdate"
	parameterType="global.dto.MemberDTO">
	update member 
    set mem_name=#{mem_name}, mem_phone=#{mem_phone}, mem_address= #{mem_address}
    where mem_id = #{mem_id}
</update>	

<!-- 비밀번호 확인 -->
<select id="pwCheck"
	parameterType="String"
	resultType="String">
	select mem_pass from member where mem_id = #{mem_id}
</select> 

<!-- 탈퇴하기 -->
<update id="deleteMember"
	parameterType="String">
	update member 
		set enabled='0' where mem_id = #{mem_id}
</update>


<!--아이디 비번찾기 -->
<select id="gofindid" parameterType="global.dto.MemberDTO" resultType="global.dto.MemberDTO">
	select * from member where mem_name=#{mem_name} and mem_birth=#{mem_birth} and
	mem_phone=#{mem_phone}
</select>

<select id="gofindpass" parameterType="global.dto.MemberDTO" resultType="global.dto.MemberDTO">
	select * from member where mem_id=#{mem_id} and mem_name=#{mem_name} and
	mem_birth=#{mem_birth}
</select>

<!-- 비번찾기할때 아이디,이름 같은지 확인 -->
<select id="updatePass" parameterType="global.dto.MemberDTO" resultType="int">
	SELECT COUNT(*) FROM member
	WHERE mem_id=#{mem_id} AND mem_name=#{mem_name}
</select>

<!-- 비밀번호 업데이트  -->
<update id="updateuserPass" parameterType="global.dto.MemberDTO">
	update member set mem_pass=#{mem_pass} where mem_id=#{mem_id} 
</update>

</mapper>
