<?xml version="1.0" encoding="UTF-8"?>

<!-- Mapper파일을 구성하기 위한 Doctype 설정 -->
<!DOCTYPE mapper 
	PUBLIC "-//mybatis.org//DTD Mapper 3.0//EN"
	"http://mybatis.org/dtd/mybatis-3-mapper.dtd">
	
<mapper namespace="com.bc.bodycoding.purchase.IPurchaseService">

	<select id="gymSelect" parameterType="global.dto.MemberDTO"
		resultType="global.dto.MemberDTO">
		SELECT gym_code, mem_name FROM member WHERE authority='ROLE_ADMIN_SUB'
	</select>
	
	<select id="productSelect" parameterType="global.dto.ProductDTO"
		resultType="global.dto.ProductDTO">
		SELECT * FROM product WHERE product_category=#{product_category}
	</select>
	
	<select id="trainerSelect" parameterType="global.dto.ProductDTO"
		resultType="global.dto.ProductDTO">
		SELECT mem_name, mem_img ,mem_id
    		FROM (SELECT * FROM member WHERE gym_code=#{gym_code}) M
    	INNER JOIN (SELECT * FROM lesson WHERE lesson_category=#{lesson_category}) L
    	ON M.mem_id=L.trainer_id
	</select>
	
	<select id="payProductSelect" parameterType="global.dto.ProductDTO"
		resultType="global.dto.ProductDTO">
		SELECT * FROM product WHERE product_idx=#{product_idx}
	</select>
	
 	<insert id="insertOrder" parameterType="global.dto.ProductDTO">
		INSERT INTO order_log VALUES (bodycoding_seq.nextval,#{mem_id},0,'결제완료',sysdate,'Y')
	</insert>
	
	<insert id="insertMembership" parameterType="global.dto.ProductDTO">
		INSERT INTO membership 
    		(membership_idx, order_idx, gym_code, user_id, trainer_id, membership_type, 
        	membership_name, membership_start, membership_end, membership_count, membership_period)
    	VALUES (bodycoding_seq.nextval,bodycoding_seq.nextval, #{gym_code}, #{mem_id},
    		#{trainer_id}, #{product_type}, #{product_name}, sysdate, sysdate, #{membership_count}, #{membership_period})
	</insert>	
	
</mapper>